{
  "character": "temo",
  "model_type": "DEEP_SDXL_Turbo",
  "final_loss": 0.0002465305663402736,
  "epochs": 30,
  "learning_rate": 1e-05,
  "lora_rank": 256,
  "batch_size": 1,
  "dtype": "torch.float32",
  "device": "cuda",
  "training_time_minutes": 47.35666017929713,
  "dataset_size": 300,
  "successful_batches_per_epoch": 300,
  "enhancement_factor": 0.9997534694336597,
  "architecture": "DEEP_SDXL_Turbo_ResNet_MultiAttention",
  "total_parameters": 150960032,
  "lora_parameters": 0,
  "model_size_mb": 206.29362201690674,
  "lora_layers": 24,
  "attention_heads": 32,
  "loss_history": [
    0.43443345099687575,
    0.19294081774850685,
    0.008026176209483916,
    0.0006885837116472733,
    0.0004228251071860238,
    0.00036066135008392547,
    0.00031615409345249647,
    0.00029435076590743846,
    0.000275068020564504,
    0.00025990217094658876,
    0.00026490983611438424,
    0.0002554788376680032,
    0.000258182323644481,
    0.0002572991110840424,
    0.0002646395990692933,
    0.0002610267904674401,
    0.00025234173158726966,
    0.00025814638519174575,
    0.0002466514903305021,
    0.00025109265334322117,
    0.0002465305663402736,
    0.0002544528807144767,
    0.00026063150265448107,
    0.00025481615348932487,
    0.00025089416223636365,
    0.0002519292105959418,
    0.00025707682922075035,
    0.0002471173580852337,
    0.00025731306821398904,
    0.000253614942363735
  ]
}