{
  "character": "felfel",
  "model_type": "DEEP_SDXL_Turbo",
  "final_loss": 0.0002473475438212821,
  "epochs": 30,
  "learning_rate": 1e-05,
  "lora_rank": 256,
  "batch_size": 1,
  "dtype": "torch.float32",
  "device": "cuda",
  "training_time_minutes": 48.971033636728926,
  "dataset_size": 300,
  "successful_batches_per_epoch": 300,
  "enhancement_factor": 0.9997526524561787,
  "architecture": "DEEP_SDXL_Turbo_ResNet_MultiAttention",
  "total_parameters": 150960032,
  "lora_parameters": 0,
  "model_size_mb": 206.29362201690674,
  "lora_layers": 24,
  "attention_heads": 32,
  "loss_history": [
    0.4346756535768509,
    0.2143330875908335,
    0.008532133763850046,
    0.0008119726400279129,
    0.0005108098394218056,
    0.00043159375544443414,
    0.00039202405547257514,
    0.000374840996422184,
    0.0003402551451290492,
    0.00032685298753979926,
    0.0003034729993184252,
    0.00031954862919519655,
    0.00030394021838825815,
    0.00027018446940928697,
    0.00026489451779828716,
    0.0002642789579598078,
    0.0002577137270418461,
    0.0002579154876730172,
    0.0002608427800199327,
    0.0002624820472798698,
    0.00025322835497111856,
    0.00025729944827617145,
    0.0002603371653822251,
    0.00026150809091632257,
    0.00026357860721570127,
    0.00025022495431282246,
    0.0002551849268881294,
    0.0002558494548429735,
    0.0002473475438212821,
    0.0002580871847749222
  ]
}